facility_type,North,South,West
Hospital,,658.0104125736739,
Specialty Center,,655.5032066276804,634.222558139535
Urgent Care,656.8474705882353,630.7145463917526,622.8991722810395
